{"episode":999,"_step":999,"average_length":6.09,"average_reward":4.79,"epsilon":0.00998645168764533,"_wandb":{"runtime":14},"_runtime":14,"_timestamp":1.7628761398006284e+09,"episode_reward":5,"episode_length":6}